txn_year,merchant_state,total_spend,txn_count,avg_txn
1991,CA,13344.2,215,62.06604651162791
1991,HI,1111.22,4,277.805
1991,MA,186.35,2,93.175
1991,NJ,2696.2,25,107.848
1991,NV,918.01,4,229.5025
1991,NY,1313.37,5,262.674
1991,OH,1254.35,16,78.396875
1991,PA,343.09000000000003,7,49.01285714285715
1991,VA,34466.47,480,71.80514583333334
1992,AK,503.59,2,251.795
1992,CA,151187.4,2535,59.64
1992,GA,2354.56,34,69.25176470588235
1992,HI,553.24,2,276.62
1992,IL,1823.72,11,165.79272727272726
1992,NJ,744.56,3,248.18666666666664
1992,NV,2127.95,9,236.43888888888887
1992,OR,3018.1400000000003,52,58.041153846153854
1992,TX,3375.43,54,62.50796296296296
1992,VA,36037.51,487,73.99899383983573
1992,WA,4756.72,66,72.07151515151516
1993,AK,417.89,2,208.945
1993,CA,151251.0,2396,63.126460767946575
1993,CO,399.25,5,79.85
1993,FL,3220.08,51,63.138823529411766
1993,HI,580.89,3,193.63
1993,IL,1480.67,17,87.09823529411766
1993,IN,1188.62,14,84.90142857142857
1993,LA,394.40999999999997,2,197.20499999999998
1993,MI,1291.02,8,161.3775
1993,MN,1111.79,8,138.97375
1993,MO,611.14,1,611.14
1993,NC,143.6,2,71.8
1993,ND,426.40999999999997,6,71.06833333333333
1993,NJ,277.05,1,277.05
1993,NV,960.93,4,240.2325
1993,NY,4141.84,62,66.80387096774194
1993,OH,1723.46,27,63.83185185185185
1993,OR,35198.5,683,51.535139092240115
1993,PA,1306.83,17,76.87235294117647
1993,SD,26258.09,525,50.015409523809524
1993,TX,2248.0099999999998,11,204.36454545454544
1993,VA,34848.96,491,70.97547861507128
1993,WA,25314.21,288,87.8965625
1994,AK,864.14,4,216.035
1994,AL,2493.9900000000002,46,54.21717391304348
1994,CA,161215.7,2628,61.34539573820396
1994,DE,1094.58,6,182.42999999999998
1994,FL,20196.71,376,53.71465425531915
1994,GA,2609.39,39,66.90743589743589
1994,HI,961.26,5,192.252
1994,IL,2194.14,30,73.13799999999999
1994,MA,3612.49,42,86.01166666666666
1994,MD,932.15,11,84.74090909090908
1994,MI,2210.77,9,245.64111111111112
1994,MT,841.3299999999999,7,120.18999999999998
1994,NC,17243.68,333,51.78282282282282
1994,ND,708.43,17,41.67235294117647
1994,NH,263.98,1,263.98
1994,NJ,2971.61,42,70.75261904761905
1994,NV,947.55,6,157.92499999999998
1994,NY,864.01,6,144.00166666666667
1994,OH,362.93,5,72.586
1994,OR,28736.42,536,53.61272388059701
1994,PA,1521.2,12,126.76666666666667
1994,RI,498.22,11,45.29272727272728
1994,SC,2452.38,14,175.17000000000002
1994,SD,33739.81,655,51.51116030534351
1994,TX,846.78,6,141.13
1994,VA,34780.76,517,67.27419729206963
1994,WA,78672.44,1340,58.710776119402986
1995,AK,369.0,1,369.0
1995,AL,2113.19,49,43.126326530612246
1995,CA,141538.42,2350,60.22911489361703
1995,CO,3271.87,50,65.4374
1995,DE,106.36,6,17.726666666666667
1995,FL,34446.83,608,56.65597039473685
1995,GA,1032.25,14,73.73214285714286
1995,HI,2368.83,11,215.3481818181818
1995,IA,60.0,1,60.0
1995,IL,5871.71,96,61.163645833333334
1995,IN,1057.17,13,81.32076923076923
1995,KS,1118.9,13,86.06923076923077
1995,MA,984.28,8,123.035
1995,MD,246.74,1,246.74
1995,MI,1699.3400000000001,7,242.76285714285717
1995,MN,981.79,12,81.81583333333333
1995,MO,55802.47,718,77.71931754874652
1995,NC,47161.41,903,52.22747508305648
1995,ND,534.05,18,29.66944444444444
1995,NJ,2083.22,28,74.40071428571427
1995,NM,2331.68,17,137.15764705882353
1995,NV,2872.66,33,87.05030303030303
1995,NY,4689.8,56,83.74642857142858
1995,OH,2120.02,16,132.50125
1995,OR,28989.17,558,51.95191756272401
1995,SC,2476.4900000000002,14,176.8921428571429
1995,SD,33513.19,685,48.924364963503656
1995,TN,60.0,1,60.0
1995,TX,1287.15,10,128.715
1995,VA,32806.42,470,69.80089361702127
1995,WA,95381.69,1638,58.23057997557998
1996,AK,2391.5299999999997,8,298.94124999999997
1996,AL,5315.03,127,41.85062992125984
1996,AZ,920.73,1,920.73
1996,CA,152436.11,2581,59.06087175513366
1996,CO,2010.78,24,83.7825
1996,CT,914.13,9,101.57
1996,DE,231.8,5,46.36
1996,FL,31482.73,541,58.19358595194085
1996,GA,629.77,3,209.92333333333332
1996,HI,2787.24,10,278.724
1996,IA,886.98,8,110.8725
1996,IL,17470.33,271,64.46616236162362
1996,IN,3532.3,32,110.384375
1996,KS,1113.99,4,278.4975
1996,KY,1076.5700000000002,6,179.42833333333337
1996,LA,671.81,5,134.362
1996,MA,1222.01,10,122.201
1996,MD,3018.14,38,79.42473684210526
1996,MI,3458.57,24,144.10708333333335
1996,MN,2685.37,56,47.95303571428571
1996,MO,54893.88,696,78.8705172413793
1996,MT,695.54,1,695.54
1996,NC,38772.24,768,50.4846875
1996,ND,692.67,21,32.98428571428571
1996,NH,1807.29,19,95.12052631578948
1996,NJ,8946.26,151,59.246754966887416
1996,NM,265.03999999999996,4,66.25999999999999
1996,NV,4359.89,18,242.21611111111113
1996,NY,35759.55,871,41.05574052812859
1996,OH,2906.31,37,78.54891891891891
1996,OR,30395.06,582,52.22518900343643
1996,PA,2410.52,44,54.78454545454545
1996,SC,1823.8700000000001,32,56.995937500000004
1996,SD,35940.12,726,49.50429752066116
1996,TN,126.71,1,126.71
1996,TX,3385.28,54,62.690370370370374
1996,VA,42004.45,632,66.46273734177215
1996,WA,105373.04,2022,52.11327398615232
1996,WV,584.65,1,584.65
1997,AK,2471.52,23,107.45739130434782
1997,AL,37716.06,719,52.45627260083449
1997,AR,27.8,3,9.266666666666667
1997,AZ,21315.06,467,45.64252676659529
1997,CA,155211.25,2537,61.179050059124954
1997,CO,1162.31,12,96.85916666666667
1997,CT,748.58,9,83.17555555555556
1997,DE,206.41,6,34.401666666666664
1997,FL,26732.0,497,53.78672032193159
1997,GA,3462.77,83,41.72012048192771
1997,HI,3977.35,19,209.3342105263158
1997,ID,838.57,30,27.952333333333335
1997,IL,39998.3,988,40.484109311740895
1997,IN,3309.33,86,38.480581395348835
1997,KS,1267.0,7,181.0
1997,KY,870.5600000000001,14,62.182857142857145
1997,LA,1538.98,9,170.99777777777777
1997,MA,3417.2200000000003,42,81.36238095238096
1997,MD,378.89,6,63.14833333333333
1997,MI,3901.83,27,144.51222222222222
1997,MN,34746.08,656,52.96658536585366
1997,MO,53428.14,679,78.68650957290133
1997,MS,652.37,2,326.185
1997,MT,845.12,26,32.504615384615384
1997,NC,47148.1,892,52.85661434977578
1997,ND,1401.24,21,66.72571428571429
1997,NJ,38423.61,742,51.783840970350404
1997,NM,534.49,4,133.6225
1997,NV,5774.43,21,274.97285714285715
1997,NY,53543.95,1153,46.43881179531656
1997,OH,4397.87,69,63.73724637681159
1997,OK,182.31,2,91.155
1997,OR,57360.6,1168,49.110102739726024
1997,PA,3359.55,34,98.81029411764706
1997,SC,1885.28,23,81.9686956521739
1997,SD,31995.47,672,47.61230654761905
1997,TN,2722.6800000000003,13,209.4369230769231
1997,TX,4093.7400000000002,84,48.735
1997,UT,3307.53,35,94.50085714285714
1997,VA,77903.85,1084,71.86702029520296
1997,WA,141825.42,2521,56.257604125347086
1997,WI,1428.8899999999999,31,46.093225806451606
1997,WV,1031.97,8,128.99625
1998,AK,2218.87,13,170.6823076923077
1998,AL,55389.22,1024,54.09103515625
1998,AR,27593.55,699,39.47575107296137
1998,AZ,41612.2,972,42.81090534979423
1998,CA,163871.53,2628,62.355985540334856
1998,CO,1878.89,21,89.47095238095238
1998,DC,206.13,22,9.369545454545454
1998,DE,1066.29,10,106.62899999999999
1998,FL,60266.19,1207,49.93056338028169
1998,GA,2155.72,39,55.27487179487179
1998,HI,4901.94,21,233.42571428571426
1998,IA,2243.79,14,160.2707142857143
1998,IL,130871.56999999999,2951,44.34821077600813
1998,IN,28967.19,769,37.66864759427828
1998,KS,1711.58,28,61.12785714285714
1998,KY,32084.71,497,64.55676056338028
1998,LA,899.41,4,224.8525
1998,MA,1758.19,21,83.72333333333333
1998,MD,1918.76,26,73.79846153846154
1998,ME,880.13,28,31.433214285714286
1998,MI,11959.04,93,128.59182795698925
1998,MN,34489.62,686,50.2764139941691
1998,MO,56180.32,700,80.2576
1998,MS,2727.65,38,71.78026315789474
1998,MT,2122.81,3,707.6033333333334
1998,NC,35874.32,737,48.67614654002713
1998,ND,873.95,22,39.725
1998,NE,12212.41,254,48.08035433070866
1998,NJ,40344.79,775,52.057793548387096
1998,NM,879.6500000000001,4,219.91250000000002
1998,NV,9246.09,69,134.00130434782608
1998,NY,81025.79,1809,44.79037589828634
1998,OH,16194.58,327,49.524709480122326
1998,OK,2046.21,48,42.629375
1998,OR,67192.14,1315,51.09668441064639
1998,PA,67615.65,1258,53.7485294117647
1998,SC,4146.26,17,243.89764705882354
1998,SD,31413.48,632,49.704873417721515
1998,TN,28644.76,444,64.51522522522522
1998,TX,10694.64,185,57.80886486486486
1998,VA,77096.61,1130,68.22708849557522
1998,VT,703.73,3,234.57666666666668
1998,WA,154123.73,2702,57.040610658771286
1998,WI,2941.71,54,54.47611111111111
1998,WY,888.4300000000001,4,222.10750000000002
1999,AK,5026.33,17,295.6664705882353
1999,AL,50338.29,917,54.89453653217012
1999,AR,56363.38,1431,39.38740740740741
1999,AZ,60113.61,1366,44.00703513909224
1999,CA,199846.47,3471,57.57605012964564
1999,CO,3046.4,40,76.16
1999,CT,5078.5,62,81.91129032258064
1999,DC,965.1,16,60.31875
1999,DE,824.18,14,58.87
1999,FL,143760.25,2649,54.269630049075126
1999,GA,2720.0299999999997,41,66.3421951219512
1999,HI,6955.97,25,278.2388
1999,IA,291.83,5,58.366
1999,IL,147998.45,3201,46.23506716651047
1999,IN,24481.88,726,33.72159779614325
1999,KS,94073.77,1372,68.56688775510204
1999,KY,56504.68,913,61.88902519167579
1999,LA,2788.2,16,174.2625
1999,MA,2469.39,18,137.18833333333333
1999,MD,3734.5099999999998,47,79.45765957446808
1999,ME,848.3,3,282.76666666666665
1999,MI,10348.37,115,89.98582608695654
1999,MN,35670.28,655,54.4584427480916
1999,MO,60039.44,724,82.92740331491713
1999,MS,4782.9400000000005,23,207.95391304347828
1999,MT,1568.0900000000001,25,62.723600000000005
1999,NC,41099.19,817,50.305006119951045
1999,ND,2108.24,45,46.849777777777774
1999,NE,18107.32,400,45.268299999999996
1999,NH,1660.19,24,69.17458333333333
1999,NJ,109267.93000000001,1528,71.51042539267016
1999,NM,884.01,2,442.005
1999,NV,7806.15,89,87.70955056179776
1999,NY,87526.2,1824,47.985855263157895
1999,OH,50576.6,936,54.03482905982906
1999,OK,4539.4,32,141.85625
1999,OR,64625.53,1282,50.409929797191886
1999,PA,83827.26,1975,42.44418227848101
1999,RI,1121.16,17,65.95058823529412
1999,SC,3529.56,16,220.5975
1999,SD,39345.81,860,45.75094186046511
1999,TN,53685.27,866,61.99222863741339
1999,TX,17614.62,230,76.58530434782608
1999,VA,82537.78,1230,67.10388617886179
1999,WA,148479.31,2694,55.11481440237565
1999,WI,2365.52,23,102.84869565217392
1999,WV,5335.5,45,118.56666666666666
2000,AK,8372.82,38,220.33736842105262
2000,AL,54725.26,932,58.718090128755364
2000,AR,51542.68,1317,39.13643128321944
2000,AZ,79706.53,1829,43.57929469655549
2000,CA,347993.75,6234,55.82190407443054
2000,CO,125256.86,1599,78.33449656035022
2000,CT,983.99,14,70.285
2000,DC,420.56,32,13.1425
2000,DE,840.21,3,280.07
2000,FL,195897.59,3557,55.07382344672477
2000,GA,15751.91,208,75.73033653846154
2000,HI,13183.48,44,299.62454545454545
2000,IA,30917.74,588,52.58119047619048
2000,ID,4441.84,64,69.40375
2000,IL,146310.61,3291,44.4577970221817
2000,IN,40869.93,889,45.9729246344207
2000,KS,121079.39,1666,72.67670468187275
2000,KY,51961.61,832,62.453858173076924
2000,LA,6474.4,52,124.5076923076923
2000,MA,15308.34,216,70.87194444444445
2000,MD,63377.71,1114,56.8920197486535
2000,ME,942.36,1,942.36
2000,MI,22756.08,139,163.7128057553957
2000,MN,45750.98,805,56.83351552795031
2000,MO,73011.37,897,81.3950613154961
2000,MS,12979.8,159,81.63396226415094
2000,MT,2241.23,15,149.41533333333334
2000,NC,46182.56,860,53.70065116279069
2000,ND,5050.09,65,77.69369230769232
2000,NE,69646.66,1220,57.087426229508196
2000,NH,2958.52,45,65.7448888888889
2000,NJ,191070.92,2613,73.123199387677
2000,NM,15302.119999999999,314,48.73286624203821
2000,NV,16294.78,108,150.8775925925926
2000,NY,107335.68,2156,49.78463821892393
2000,OH,134981.02,2547,52.99608166470357
2000,OK,5902.32,86,68.63162790697675
2000,OR,76666.23,1378,55.63587082728592
2000,PA,164293.75,3722,44.14125470177324
2000,SC,3554.6600000000003,53,67.06905660377359
2000,SD,42486.27,957,44.39526645768025
2000,TN,65281.78,1016,64.25372047244095
2000,TX,180073.15,3457,52.089427249059874
2000,UT,26424.96,455,58.07683516483516
2000,VA,77792.74,1080,72.03031481481482
2000,VT,55.769999999999996,3,18.59
2000,WA,168192.56,2846,59.09787772312017
2000,WI,3052.05,19,160.6342105263158
2000,WV,4736.51,53,89.36811320754717
2000,WY,18681.94,264,70.76492424242424
2001,AK,10904.24,81,134.62024691358025
2001,AL,121044.56,1776,68.15572072072072
2001,AR,53632.11,1382,38.80760492040521
2001,AZ,76809.91,1745,44.017140401146136
2001,CA,492702.46,9167,53.74740482164285
2001,CO,137755.5,1684,81.80255344418052
2001,CT,7656.26,92,83.22021739130435
2001,DC,869.08,26,33.426153846153845
2001,FL,347935.39,5803,59.95784766500086
2001,GA,25310.15,616,41.08790584415585
2001,HI,28702.98,277,103.62086642599277
2001,IA,34575.22,657,52.62590563165906
2001,ID,6890.26,53,130.00490566037737
2001,IL,197198.88,4370,45.12560183066362
2001,IN,150890.45,2775,54.37493693693694
2001,KS,130469.63,1772,73.62845936794582
2001,KY,108340.39,1761,61.5220840431573
2001,LA,14815.41,138,107.35804347826087
2001,MA,44366.89,857,51.769999999999996
2001,MD,112266.55,2018,55.6325817641229
2001,ME,548.23,15,36.54866666666667
2001,MI,42312.73,328,129.0022256097561
2001,MN,69388.29,1123,61.78832591273374
2001,MO,63174.6,797,79.26549560853199
2001,MS,55427.56,1320,41.990575757575755
2001,MT,1455.95,13,111.99615384615385
2001,NC,118005.72,1929,61.174556765163295
2001,ND,5726.5599999999995,92,62.245217391304344
2001,NE,83564.63,1399,59.731686919228025
2001,NH,3403.95,22,154.725
2001,NJ,225005.4,3480,64.65672413793104
2001,NM,27455.3,699,39.27796852646638
2001,NV,37291.97,309,120.68598705501618
2001,NY,127223.98,2508,50.727264752791065
2001,OH,179513.41,3517,51.04162922945692
2001,OK,27554.16,457,60.29356673960613
2001,OR,87800.35,1941,45.23459556929418
2001,PA,316761.57,6292,50.34354259376987
2001,RI,2780.05,36,77.22361111111111
2001,SC,5638.19,61,92.42934426229507
2001,SD,44525.88,914,48.71540481400437
2001,TN,73322.86,1076,68.14392193308551
2001,TX,215842.57,4249,50.798439632854794
2001,UT,29798.98,633,47.075797788309636
2001,VA,88681.53,1296,68.42710648148147
2001,VT,2112.2400000000002,31,68.13677419354839
2001,WA,182825.49,3511,52.07219880375961
2001,WI,76495.87,1430,53.49361538461538
2001,WV,13652.09,309,44.181521035598706
2001,WY,35740.74,551,64.86522686025408
2002,AK,10632.68,50,212.6536
2002,AL,130049.02,1773,73.34970107163001
2002,AR,5734.63,106,54.10028301886793
2002,AZ,125680.25,2505,50.171756487025945
2002,CA,557446.85,10625,52.46558588235294
2002,CO,204254.28,2507,81.47358595931392
2002,CT,35602.94,518,68.73154440154441
2002,DC,1442.06,42,34.334761904761905
2002,DE,807.97,7,115.42428571428572
2002,FL,509897.99,7912,64.44615647118302
2002,GA,131986.57,3066,43.04845727332029
2002,HI,45716.61,459,99.60045751633987
2002,IA,98334.02,1660,59.23736144578314
2002,ID,5099.81,34,149.9944117647059
2002,IL,217013.27,4764,45.55274349286314
2002,IN,190866.08,3311,57.64605255209906
2002,KS,93248.54,1931,48.29028482651476
2002,KY,146391.57,2577,56.806973224679865
2002,LA,10299.79,85,121.174
2002,MA,96277.68,1862,51.70659505907626
2002,MD,118807.78,2395,49.60658872651357
2002,ME,1837.03,19,96.68578947368421
2002,MI,45379.08,507,89.50508875739645
2002,MN,107365.39,1740,61.70424712643678
2002,MO,75710.31,1214,62.3643410214168
2002,MS,71663.43,1566,45.76208812260536
2002,MT,6770.8099999999995,116,58.369051724137925
2002,NC,214340.25,3697,57.97680551798756
2002,ND,3333.52,50,66.6704
2002,NE,77545.94,1254,61.838867623604465
2002,NH,1390.54,14,99.32428571428571
2002,NJ,196000.46,2994,65.46441549766199
2002,NM,26423.28,731,36.14675786593707
2002,NV,101247.48,1178,85.94862478777588
2002,NY,243621.93,4236,57.512259206798866
2002,OH,275380.29,5400,50.99635
2002,OK,70225.46,1096,64.07432481751826
2002,OR,89578.18,1898,47.19609062170706
2002,PA,437914.8,8204,53.37820575329108
2002,RI,815.51,6,135.91833333333332
2002,SC,11016.53,188,58.59856382978724
2002,SD,37215.25,797,46.694165621079044
2002,TN,71882.52,1042,68.98514395393474
2002,TX,360108.33,6572,54.794328971393796
2002,UT,32598.37,599,54.42131886477462
2002,VA,108625.58,1584,68.57675505050506
2002,WA,241368.36,4907,49.18857958019156
2002,WI,177966.05,3111,57.2054162648666
2002,WV,19290.49,452,42.67807522123894
2002,WY,31947.94,501,63.76834331337325
2003,AK,15493.31,52,297.9482692307692
2003,AL,136873.85,1932,70.84567805383023
2003,AR,10919.53,239,45.68841004184101
2003,AZ,209722.66,3741,56.060588078053996
2003,CA,799648.35,14035,56.97530103313146
2003,CO,186185.41,2433,76.52503493629264
2003,CT,38648.1,525,73.61542857142857
2003,DC,25276.08,394,64.15248730964467
2003,DE,235.13000000000002,6,39.18833333333334
2003,FL,707280.03,11540,61.289430675909884
2003,GA,211007.06,4268,49.43932989690722
2003,HI,66653.81,643,103.66066874027993
2003,IA,97613.57,1637,59.62954795357361
2003,ID,25834.67,413,62.553680387409194
2003,IL,244729.48,5526,44.286912775968155
2003,IN,190819.35,3504,54.45757705479452
2003,KS,118631.94,2416,49.10262417218543
2003,KY,184685.3,2903,63.61877368239752
2003,LA,43764.21,657,66.61219178082192
2003,MA,173074.77,2863,60.4522424030737
2003,MD,137252.63,2885,47.574568457538994
2003,ME,4911.41,59,83.2442372881356
2003,MI,89378.6,1330,67.20195488721805
2003,MN,137201.16,2099,65.36501191043354
2003,MO,139375.89,3120,44.67175961538462
2003,MS,44852.63,1025,43.75866341463414
2003,MT,6875.75,60,114.59583333333333
2003,NC,299910.89,5433,55.20170992085404
2003,ND,5067.36,93,54.48774193548387
2003,NE,71737.76,1175,61.05341276595744
2003,NH,3240.7200000000003,35,92.59200000000001
2003,NJ,256605.44,4135,62.056938331318015
2003,NM,35277.73,1012,34.859416996047436
2003,NV,103203.35,1145,90.13393013100438
2003,NY,337819.17,5585,60.48687018800358
2003,OH,347846.06,6930,50.194236652236654
2003,OK,129828.14,2016,64.39887896825397
2003,OR,89813.62,1842,48.75875135722041
2003,PA,496118.61,9284,53.43802348125808
2003,RI,1690.72,43,39.31906976744186
2003,SC,35096.44,578,60.72048442906575
2003,SD,37476.38,733,51.12739427012278
2003,TN,83414.51,1493,55.870401875418615
2003,TX,458944.1,8531,53.79722189661235
2003,UT,30601.8,624,49.041346153846156
2003,VA,128300.2,1664,77.10348557692308
2003,VT,308.68,1,308.68
2003,WA,345503.48,6740,51.26164391691395
2003,WI,180863.33,3260,55.4795490797546
2003,WV,22860.31,500,45.720620000000004
2003,WY,31596.71,529,59.729130434782604
2004,AK,24068.4,108,222.85555555555558
2004,AL,161507.09,2114,76.39881267738883
2004,AR,20375.49,390,52.24484615384616
2004,AZ,312275.05,5519,56.581817358217066
2004,CA,1142309.67,19044,59.98265437933207
2004,CO,209000.84,2647,78.95762750283339
2004,CT,42514.59,536,79.31826492537313
2004,DC,36007.1,541,66.55656192236599
2004,DE,902.5899999999999,4,225.64749999999998
2004,FL,743199.6,12392,59.97414460942544
2004,GA,282327.19,5731,49.263163496771945
2004,HI,128357.05,1362,94.2415932452276
2004,IA,120842.56,1995,60.57271177944862
2004,ID,53637.28,1090,49.20851376146789
2004,IL,291907.19,6041,48.321004800529714
2004,IN,232373.91,4541,51.17240916097776
2004,KS,113913.55,2208,51.59128170289855
2004,KY,179728.4,2847,63.12904812082894
2004,LA,72134.69,1340,53.831858208955225
2004,MA,145133.47,2238,64.84962913315461
2004,MD,203470.55,4182,48.65388570062171
2004,ME,2607.12,41,63.58829268292683
2004,MI,166970.32,2683,62.232694744688786
2004,MN,179163.36,2853,62.7982334384858
2004,MO,180832.13,3783,47.80125033042559
2004,MS,66099.38,1372,48.17739067055394
2004,MT,4088.35,32,127.7609375
2004,NC,489069.85,8540,57.268132318501166
2004,ND,9907.03,176,56.28994318181819
2004,NE,73781.35,1197,61.63855472013367
2004,NH,4284.25,27,158.67592592592592
2004,NJ,278919.39,4657,59.892503757783984
2004,NM,46435.3,1269,36.59204097714736
2004,NV,137615.5,1433,96.03314724354502
2004,NY,511883.12,8408,60.880485252140815
2004,OH,369525.21,7678,48.12779499869758
2004,OK,171236.63,2770,61.81827797833935
2004,OR,104668.67,1958,53.45693054136874
2004,PA,604851.66,10892,55.531735218509
2004,RI,7833.92,103,76.05747572815534
2004,SC,47241.14,618,76.44197411003236
2004,SD,37221.38,750,49.62850666666667
2004,TN,121032.22,2080,58.18856730769231
2004,TX,698516.42,12834,54.42702353124513
2004,UT,40942.89,857,47.77466744457409
2004,VA,195546.37,2641,74.04254827716774
2004,VT,1216.23,22,55.283181818181816
2004,WA,401070.07,7031,57.04310482150476
2004,WI,224127.81,4003,55.98996002997752
2004,WV,31669.56,587,53.95155025553663
2004,WY,23527.77,262,89.80064885496184
2005,AK,26495.55,98,270.3627551020408
2005,AL,158838.83,2223,71.45246513720197
2005,AR,22634.95,444,50.979617117117115
2005,AZ,332203.69,5599,59.332682621896765
2005,CA,1569439.68,25959,60.45840286605801
2005,CO,221214.67,2846,77.72827477160928
2005,CT,52663.75,747,70.50033467202142
2005,DC,22887.61,347,65.958530259366
2005,DE,14699.41,285,51.57687719298246
2005,FL,854716.0,14194,60.216711286459066
2005,GA,396575.28,8208,48.31570175438597
2005,HI,190945.77,2391,79.86021329987453
2005,IA,153902.85,2881,53.41994099271086
2005,ID,51872.16,991,52.3432492431887
2005,IL,375035.86,7137,52.54810985007706
2005,IN,285662.35,5710,50.028432574430816
2005,KS,138088.62,2984,46.27634718498659
2005,KY,209018.95,3369,62.041837340457114
2005,LA,138357.73,1865,74.18645040214477
2005,MA,130182.19,1972,66.01530933062881
2005,MD,227536.89,4257,53.4500563777308
2005,ME,20723.21,198,104.66267676767676
2005,MI,260779.09,4062,64.19967749876908
2005,MN,213123.2,3714,57.38373721055466
2005,MO,215353.76,4464,48.242329749103945
2005,MS,87275.52,1758,49.64477815699659
2005,MT,22337.07,405,55.15325925925926
2005,NC,660723.07,11225,58.8617434298441
2005,ND,44470.39,714,62.2834593837535
2005,NE,75545.71,1170,64.5689829059829
2005,NH,2074.42,37,56.06540540540541
2005,NJ,360721.48,5963,60.4932886131142
2005,NM,76608.87,1696,45.170324292452825
2005,NV,174963.75,1882,92.96692348565357
2005,NY,784841.45,12134,64.68118097906708
2005,OH,444670.19,8626,51.54998724785532
2005,OK,217838.21,3610,60.34299445983379
2005,OR,99901.53,1770,56.44154237288136
2005,PA,885703.37,16115,54.96142538008067
2005,RI,1266.96,12,105.58
2005,SC,66116.57,1024,64.566962890625
2005,SD,36106.85,721,50.07884882108183
2005,TN,186992.74,2892,64.65862378976486
2005,TX,814792.86,14726,55.33022273529811
2005,UT,62256.12,1014,61.39656804733728
2005,VA,276412.24,3666,75.39886524822695
2005,VT,5272.96,78,67.60205128205128
2005,WA,395219.72,6776,58.326404958677685
2005,WI,241036.31,4144,58.16513272200772
2005,WV,146001.76,2497,58.470869042851426
2005,WY,26073.13,287,90.84714285714286
2006,AK,34323.68,139,246.93294964028777
2006,AL,133551.5,1796,74.36052338530067
2006,AR,25320.36,501,50.53964071856288
2006,AZ,386786.55,6074,63.679050049390845
2006,CA,1958399.73,32533,60.19732978821504
2006,CO,270655.62,3704,73.0711717062635
2006,CT,93987.39,1496,62.82579545454546
2006,DC,21208.38,321,66.06971962616822
2006,DE,27036.36,630,42.914857142857144
2006,FL,1033436.15,17420,59.32469288174512
2006,GA,541682.32,10681,50.7145697968355
2006,HI,245617.25,3077,79.8236106597335
2006,IA,192847.92,3964,48.64982845610495
2006,ID,43052.34,784,54.913698979591835
2006,IL,520406.95,10785,48.252846546128886
2006,IN,302852.27,6000,50.47537833333334
2006,KS,154851.63,3278,47.23966748017084
2006,KY,235823.63,3635,64.87582668500688
2006,LA,241072.21,3247,74.24459809054511
2006,MA,135622.78,1906,71.15570828961175
2006,MD,299400.59,5171,57.899940050280414
2006,ME,23560.170000000002,294,80.13663265306123
2006,MI,303141.6,5095,59.49786064769381
2006,MN,218840.07,3690,59.30625203252033
2006,MO,203078.0,3966,51.20474029248613
2006,MS,92098.36,1926,47.81846313603323
2006,MT,20539.82,380,54.052157894736844
2006,NC,792745.82,13263,59.77122973686194
2006,ND,47896.71,860,55.6938488372093
2006,NE,81795.35,1293,63.26013147718485
2006,NH,26136.75,394,66.33692893401015
2006,NJ,393885.73,6615,59.54432804232804
2006,NM,90933.85,2090,43.50901913875598
2006,NV,188959.26,2122,89.0477191328935
2006,NY,902941.1,14689,61.47056300633127
2006,OH,567886.25,10664,53.25264909977494
2006,OK,241321.73,4114,58.658660670879925
2006,OR,105594.53,1824,57.89173793859649
2006,PA,939169.16,16058,58.48606053057666
2006,RI,68819.16,977,70.43926305015353
2006,SC,175029.27,2959,59.1514937478878
2006,SD,35225.05,687,51.273726346433776
2006,TN,329260.19,5211,63.1856054500096
2006,TX,954092.44,17297,55.15941723998381
2006,UT,69119.48,1102,62.721851179673315
2006,VA,267669.81,3728,71.79984173819743
2006,VT,17512.1,273,64.14688644688644
2006,WA,481715.09,7996,60.24450850425213
2006,WI,233378.89,4142,56.34449299855143
2006,WV,176585.98,3168,55.740523989898996
2006,WY,20429.75,251,81.39342629482071
2007,AK,47243.93,195,242.2765641025641
2007,AL,141108.08,1951,72.32602767811377
2007,AR,34910.3,618,56.489158576051786
2007,AZ,385123.36,5867,65.64229759672746
2007,CA,2180276.08,35156,62.0171828421891
2007,CO,281740.37,3973,70.91376038258242
2007,CT,100522.87,1563,64.31405630198336
2007,DC,28274.92,413,68.46227602905569
2007,DE,68989.71,1619,42.61254478072885
2007,FL,1213450.03,19980,60.73323473473474
2007,GA,542003.36,11148,48.6188876928597
2007,HI,240685.27,2826,85.16817763623496
2007,IA,194225.71,3985,48.73919949811794
2007,ID,57285.86,1267,45.21378058405683
2007,IL,635961.67,12641,50.309443082034655
2007,IN,418389.61,8573,48.80317391811501
2007,KS,177523.23,3441,51.590592850915435
2007,KY,255207.05,3990,63.961666666666666
2007,LA,290424.02,3755,77.3432809587217
2007,MA,149403.75,2125,70.30764705882353
2007,MD,390412.68,6239,62.57616284661003
2007,ME,49810.36,708,70.35361581920904
2007,MI,422731.8,7340,57.59288828337875
2007,MN,300569.05,4581,65.61210434402969
2007,MO,204504.78,3952,51.747160931174086
2007,MS,115926.68000000001,2308,50.22819757365685
2007,MT,18686.2,381,49.04514435695538
2007,NC,802423.8,13644,58.81147757255937
2007,ND,46985.75,860,54.63459302325582
2007,NE,83150.27,1345,61.82176208178439
2007,NH,39103.29,727,53.7871939477304
2007,NJ,382443.33,6455,59.247611154144074
2007,NM,91378.69,2077,43.99551757342321
2007,NV,219506.69,2460,89.23036178861788
2007,NY,1050787.29,17424,60.30689221763085
2007,OH,649838.31,12149,53.48903695777431
2007,OK,327514.21,5330,61.44731894934334
2007,OR,93783.7,1391,67.4217828900072
2007,PA,932770.4,15719,59.34031426935556
2007,RI,136959.71,2002,68.41144355644356
2007,SC,239676.53,4151,57.739467598169114
2007,SD,36982.58,758,48.78968337730871
2007,TN,408276.51,6383,63.96310668964437
2007,TX,1274720.48,22945,55.55547962519067
2007,UT,57026.35,892,63.93088565022421
2007,VA,273276.32,4072,67.11108055009824
2007,VT,19555.67,331,59.08057401812688
2007,WA,491461.93,7795,63.04835535599744
2007,WI,235746.06,3936,59.89483231707317
2007,WV,185057.81,3304,56.010233050847454
2007,WY,25237.920000000002,286,88.24447552447553
2008,AK,52318.08,229,228.46323144104804
2008,AL,181544.64,2294,79.1389014821273
2008,AR,52008.21,1055,49.296881516587675
2008,AZ,419711.74,6440,65.1726304347826
2008,CA,2459603.66,37741,65.1706012029358
2008,CO,340412.97,4993,68.17804326056479
2008,CT,177197.23,2687,65.94612206922218
2008,DC,32878.71,559,58.81701252236136
2008,DE,99050.29,2340,42.329183760683755
2008,FL,1290354.0,21736,59.36483253588517
2008,GA,633347.38,12208,51.879700196592395
2008,HI,277508.83,2883,96.25696496704822
2008,IA,242251.3,4609,52.56049034497722
2008,ID,65501.54,1377,47.56829339143065
2008,IL,819125.07,14830,55.23432703978422
2008,IN,519443.19,10356,50.15867033603708
2008,KS,140245.19,2757,50.868766775480594
2008,KY,295404.95,4655,63.45970998925886
2008,LA,352124.35,4666,75.46599871410201
2008,MA,156783.65,2389,65.62731268313101
2008,MD,431958.79,6889,62.70268398896792
2008,ME,140912.02,2408,58.518280730897004
2008,MI,583125.7,10847,53.75916843366829
2008,MN,321601.63,4951,64.9569036558271
2008,MO,201086.29,3704,54.288955183585315
2008,MS,161117.04,4012,40.15878364905284
2008,MT,23946.91,331,72.34716012084593
2008,NC,899607.06,15488,58.08413352272728
2008,ND,49383.74,810,60.96758024691358
2008,NE,90273.62,1512,59.70477513227513
2008,NH,91900.82,1565,58.72256869009585
2008,NJ,418861.69,6068,69.02796473302571
2008,NM,124202.31,2868,43.306244769874475
2008,NV,242101.85,2478,97.70050443906376
2008,NY,1245142.18,19277,64.59211391814078
2008,OH,738849.28,14976,49.33555555555556
2008,OK,345116.07,5716,60.37719909027292
2008,OR,99336.73,1599,62.124283927454655
2008,PA,888052.65,15147,58.62894632600515
2008,RI,135941.94,2032,66.90056102362205
2008,SC,268064.66,4477,59.87595711413893
2008,SD,47172.6,875,53.911542857142855
2008,TN,444906.21,7637,58.25667277726856
2008,TX,1687548.85,29833,56.566515268327024
2008,UT,69216.32,1099,62.98118289353959
2008,VA,325596.42,4775,68.18773193717277
2008,VT,31197.89,576,54.16300347222222
2008,WA,539219.33,8772,61.47051185590515
2008,WI,261371.64,4344,60.16842541436464
2008,WV,161519.76,3192,50.60142857142858
2008,WY,25181.72,295,85.36176271186442
2009,AK,54261.3,235,230.89914893617023
2009,AL,209677.99,3204,65.44256866416978
2009,AR,58463.84,1303,44.86864159631619
2009,AZ,421206.61,6301,66.84758133629582
2009,CA,2797278.44,41508,67.39130866339019
2009,CO,595724.23,7982,74.63345402154849
2009,CT,222353.29,3365,66.07824368499257
2009,DC,34577.37,579,59.71911917098446
2009,DE,104839.12,2447,42.84393951777687
2009,FL,1278223.62,22042,57.99036475818892
2009,GA,633819.72,12062,52.546818106450004
2009,HI,244167.1,2528,96.58508702531645
2009,IA,299716.54,5728,52.324814944134076
2009,ID,64499.27,1349,47.8126538176427
2009,IL,830952.49,14647,56.73192394346965
2009,IN,602696.0,11224,53.697077690662866
2009,KS,144686.61,2269,63.76668576465403
2009,KY,289581.09,4551,63.630210942649974
2009,LA,369387.29,4998,73.90702080832332
2009,MA,210352.65,2919,72.06325796505652
2009,MD,470021.48,7662,61.34448968937614
2009,ME,160184.3,2735,58.56829981718464
2009,MI,708967.25,12365,57.33661544682572
2009,MN,347715.17,5208,66.7655856374808
2009,MO,200051.46,3606,55.47738768718802
2009,MS,217974.57,5254,41.48735629996194
2009,MT,29194.52,428,68.21149532710281
2009,NC,946440.93,16025,59.060276443057724
2009,ND,50155.1,695,72.16561151079136
2009,NE,125732.61,2363,53.20889123994922
2009,NH,114952.06,2179,52.75450206516751
2009,NJ,428650.79,6113,70.12118272533944
2009,NM,98722.38,2312,42.69999134948097
2009,NV,271921.09,2849,95.44439803439805
2009,NY,1250848.41,19743,63.35655219571493
2009,OH,837054.87,15876,52.724544595616024
2009,OK,383048.23,6589,58.13450144179693
2009,OR,101155.78,1552,65.17769329896907
2009,PA,956755.93,16036,59.663003866300826
2009,RI,159760.5,2422,65.96222130470686
2009,SC,286669.76,4756,60.27539108494533
2009,SD,52187.71,1037,50.32566055930569
2009,TN,572510.44,9769,58.604815231855866
2009,TX,1868124.45,32707,57.11696120096615
2009,UT,74814.0,1179,63.45547073791349
2009,VA,471908.58,6308,74.81112555485099
2009,VT,35396.25,634,55.83004731861199
2009,WA,588024.5,9711,60.55241478735454
2009,WI,279625.11,4863,57.5005367057372
2009,WV,164493.58,3205,51.324049921996874
2009,WY,21429.09,272,78.78341911764706
2010,AK,69875.26,322,217.00391304347824
2010,AL,285935.58,4672,61.201964897260275
2010,AR,109653.14,2341,46.840299017513885
2010,AZ,508507.91,7828,64.96013157894737
2010,CA,3180968.89,47272,67.29076176171941
2010,CO,623175.8,7936,78.52517641129033
2010,CT,253691.43,3573,71.00235936188076
2010,DC,39927.89,509,78.44379174852652
2010,DE,107313.98,2535,42.332930966469426
2010,FL,1379750.62,23314,59.18120528437849
2010,GA,672003.95,12496,53.77752480793853
2010,HI,246729.66,2064,119.53956395348837
2010,IA,392797.02999999997,7437,52.816596745999725
2010,ID,59528.59,1058,56.26520793950851
2010,IL,866986.19,15460,56.07931371280724
2010,IN,594677.36,11082,53.66155567587078
2010,KS,214553.05,3470,61.83085014409222
2010,KY,382140.46,6014,63.5418124376455
2010,LA,408808.52,5521,74.04610034414056
2010,MA,258391.08,3654,70.71458128078817
2010,MD,478665.69,7312,65.46303200218819
2010,ME,171814.27,2971,57.83045102659037
2010,MI,795700.46,13936,57.09676090700344
2010,MN,416636.3,5974,69.7415969199866
2010,MO,218245.6,3841,56.81999479302265
2010,MS,232400.52,5130,45.30224561403509
2010,MT,19566.5,282,69.38475177304964
2010,NC,964250.52,16035,60.1341141253508
2010,ND,46964.75,698,67.28474212034384
2010,NE,156072.02,3168,49.265157828282824
2010,NH,130734.42,2412,54.20166666666667
2010,NJ,573002.79,7459,76.82032309961122
2010,NM,121699.49,2900,41.965341379310345
2010,NV,304057.35,2953,102.96557737893667
2010,NY,1371946.24,20507,66.90136246159848
2010,OH,876935.8,16806,52.17992383672498
2010,OK,450698.51,8338,54.05355121132166
2010,OR,98871.86,1463,67.58158578263841
2010,PA,1016007.3,17022,59.68789213958407
2010,RI,175032.24,2730,64.11437362637362
2010,SC,335047.34,5539,60.488777757718005
2010,SD,62045.81,1074,57.770772811918064
2010,TN,610490.32,10010,60.98804395604395
2010,TX,1943875.11,34119,56.97339048623934
2010,UT,85072.81,1460,58.26904794520548
2010,VA,544032.66,7313,74.39254204840695
2010,VT,28458.94,505,56.354336633663365
2010,WA,644003.75,10367,62.12055078614836
2010,WI,333119.5,5543,60.09732996572253
2010,WV,159198.63,3162,50.347447817836816
2010,WY,25536.09,320,79.80028125
2011,AK,84431.19,375,225.14984
2011,AL,292346.79,5021,58.22481378211511
2011,AR,132553.33,2633,50.343080136726165
2011,AZ,470951.59,7774,60.580343452534095
2011,CA,3515302.79,52475,66.99004840400191
2011,CO,598823.21,7482,80.03517909649825
2011,CT,218511.02,3107,70.32861924686192
2011,DC,30683.07,520,59.00590384615384
2011,DE,113209.7,2562,44.188017174082745
2011,FL,1477378.74,25288,58.42212670041126
2011,GA,683467.99,12753,53.59272249666745
2011,HI,254402.15,1953,130.26223758320532
2011,IA,414515.89,7909,52.4106574788216
2011,ID,60910.32,1056,57.68022727272727
2011,IL,930138.55,17145,54.251300670749494
2011,IN,650122.16,11380,57.12848506151143
2011,KS,248912.07,3781,65.83233800581857
2011,KY,415812.32,6775,61.37451217712177
2011,LA,447711.31,6155,72.7394492282697
2011,MA,381780.56,5268,72.47163249810174
2011,MD,491590.13,7499,65.55409121216162
2011,ME,136053.97,2290,59.412213973799126
2011,MI,918033.33,15345,59.82621896383186
2011,MN,422199.0,6160,68.5387987012987
2011,MO,196566.44,3641,53.986937654490525
2011,MS,226098.5,5406,41.823621901590826
2011,MT,11689.82,151,77.41602649006623
2011,NC,897215.63,15134,59.28476476807189
2011,ND,45665.38,733,62.299290586630285
2011,NE,155485.43,3068,50.67973598435463
2011,NH,114939.55,2190,52.48381278538813
2011,NJ,642951.53,8848,72.66631216094032
2011,NM,137335.76,3193,43.011512683996244
2011,NV,361615.88,3658,98.85617277200656
2011,NY,1523872.56,22350,68.18221744966444
2011,OH,936805.87,16606,56.413698060941826
2011,OK,439863.29,8616,51.05191388115134
2011,OR,121578.5,1819,66.83809785596482
2011,PA,1032301.44,16786,61.49776242106517
2011,RI,170480.92,2617,65.14364539549102
2011,SC,314463.37,5088,61.804907625786164
2011,SD,66565.33,1147,58.03428945074106
2011,TN,706391.09,10979,64.3402031150378
2011,TX,1996329.63,34110,58.52622779243623
2011,UT,93454.67,1501,62.261605596269156
2011,VA,594602.36,8290,71.72525452352231
2011,VT,39116.55,706,55.40587818696884
2011,WA,664904.98,10926,60.85529745561047
2011,WI,350687.53,6013,58.32155829037087
2011,WV,165079.54,3303,49.97866787768695
2011,WY,27045.03,334,80.97314371257485
2012,AK,71332.82,321,222.22062305295952
2012,AL,308003.66,5438,56.639143067304154
2012,AR,146791.03,2697,54.42752317389692
2012,AZ,434453.44,6899,62.97339324539789
2012,CA,3478290.12,52430,66.3416006103376
2012,CO,534884.31,6638,80.57913678818922
2012,CT,230833.22,3304,69.86477602905569
2012,DC,33613.24,489,68.73873210633947
2012,DE,101544.91,2397,42.36333333333334
2012,FL,1606760.37,26354,60.96836798967899
2012,GA,706549.87,13142,53.76273550448942
2012,HI,258343.84,1985,130.14803022670026
2012,IA,390987.6,7420,52.69374663072776
2012,ID,41119.52,751,54.75302263648468
2012,IL,976997.99,18246,53.54587252000439
2012,IN,645283.7,11167,57.78487507835587
2012,KS,252175.51,3793,66.48444766675455
2012,KY,456194.76,7745,58.90184118786314
2012,LA,439054.3,6400,68.602234375
2012,MA,416727.6,5866,71.04118649846573
2012,MD,457987.21,6800,67.35106029411764
2012,ME,118661.35,1910,62.126361256544506
2012,MI,859311.84,14037,61.21762769822612
2012,MN,447780.86,6554,68.32176685993286
2012,MO,200631.65,3599,55.74649902750764
2012,MS,207185.01,4682,44.25139043143956
2012,MT,11234.86,68,165.2185294117647
2012,NC,912068.14,15448,59.0411794407043
2012,ND,43588.21,711,61.30549929676512
2012,NE,146867.02,2912,50.435103021978016
2012,NH,125622.14,2535,49.55508481262327
2012,NJ,687764.93,9488,72.48787204890388
2012,NM,130278.62,2993,43.52777146675576
2012,NV,317473.1,3190,99.52134796238244
2012,NY,1646802.71,25327,65.02162553796343
2012,OH,860147.95,15511,55.45406163367932
2012,OK,457075.42,8687,52.616026246114885
2012,OR,119805.29,1821,65.79093355299285
2012,PA,1082816.21,17184,63.013047602420855
2012,RI,180237.29,2903,62.08656217705822
2012,SC,309537.16,5186,59.68707288854608
2012,SD,60484.53,1056,57.27701704545454
2012,TN,749090.84,11794,63.5145701204002
2012,TX,2082403.41,34764,59.90114515015533
2012,UT,85179.03,1544,55.16776554404145
2012,VA,541548.38,7688,70.44073621227888
2012,VT,29679.88,553,53.67066907775769
2012,WA,657034.67,11017,59.63825633112463
2012,WI,373821.2,6369,58.693860888679545
2012,WV,165098.27,3310,49.87863141993957
2012,WY,23884.99,284,84.10207746478874
2013,AK,67420.09,314,214.71366242038215
2013,AL,321070.1,5589,57.446788334227946
2013,AR,128460.16,2469,52.02922640745241
2013,AZ,436834.37,6906,63.25432522444251
2013,CA,3440150.97,51288,67.07516319606925
2013,CO,493998.35,6157,80.23361214877374
2013,CT,276414.99,4099,67.43473774091241
2013,DC,33565.58,500,67.13116000000001
2013,DE,109938.07,2344,46.90190699658704
2013,FL,1646586.29,27493,59.89111010075292
2013,GA,705830.64,12919,54.63508321077483
2013,HI,252037.85,2059,122.40789218067023
2013,IA,391223.26,7086,55.21073384137736
2013,ID,38029.35,756,50.303373015873014
2013,IL,952947.25,17503,54.44479517796949
2013,IN,669218.38,11654,57.42392140037755
2013,KS,258495.79,4356,59.34246786042241
2013,KY,444099.3,7691,57.74272526329476
2013,LA,449079.2,6613,67.90854377740814
2013,MA,384678.09,5299,72.59446876769202
2013,MD,503574.23,7601,66.25104986186028
2013,ME,107158.27,1661,64.51431065623119
2013,MI,903451.14,14097,64.08818472015322
2013,MN,473562.49,6637,71.351889407865
2013,MO,243493.49,4637,52.51099633383653
2013,MS,185334.62,4452,41.62951931716083
2013,MT,9710.8,33,294.26666666666665
2013,NC,840709.32,14318,58.716952088280486
2013,ND,48771.06,757,64.42676354029062
2013,NE,155555.7,3019,51.52557138125207
2013,NH,143350.19,3069,46.70908765070055
2013,NJ,814882.32,12018,67.8051522715926
2013,NM,153284.66,3445,44.49482148040639
2013,NV,322086.42,2971,108.4101043419724
2013,NY,1706067.05,26033,65.53478469634695
2013,OH,957646.73,16801,56.9993887268615
2013,OK,460013.02,8731,52.68732333066087
2013,OR,122123.3,1836,66.5159586056645
2013,PA,1180466.85,18022,65.50143435800689
2013,RI,171875.98,2774,61.95961788031723
2013,SC,344455.23,5611,61.38927642131527
2013,SD,59794.8,1136,52.636267605633805
2013,TN,791553.03,12077,65.54219011343876
2013,TX,2130931.56,35626,59.8139437489474
2013,UT,90362.48,1527,59.17647675180091
2013,VA,584054.51,7983,73.16228360265565
2013,VT,35545.07,613,57.98543230016313
2013,WA,624996.1,10662,58.61903020071281
2013,WI,379621.58,6222,61.012790099646416
2013,WV,160694.47,3140,51.17658280254777
2013,WY,30186.27,415,72.738
2014,AK,72186.21,315,229.16257142857145
2014,AL,323019.96,6075,53.172009876543214
2014,AR,143335.96,2760,51.93331884057971
2014,AZ,409683.47,6710,61.05565871833085
2014,CA,3412875.25,51644,66.08464197196189
2014,CO,511986.46,6337,80.79319236231656
2014,CT,262171.16,3973,65.98821042033727
2014,DC,34117.63,573,59.54211169284467
2014,DE,106699.37,2087,51.12571633924293
2014,FL,1604783.1,27891,57.5376680649672
2014,GA,675144.43,12323,54.7873431794206
2014,HI,258591.87,2069,124.98398743354277
2014,IA,366052.3,7143,51.24629707405852
2014,ID,43478.92,730,59.56016438356164
2014,IL,967280.97,17744,54.51312950856627
2014,IN,678614.44,12114,56.01902261845798
2014,KS,244397.35,3997,61.14519639729797
2014,KY,377788.99,6088,62.05469612352168
2014,LA,494283.25,7781,63.524386325665084
2014,MA,397817.83,5451,72.9807062924234
2014,MD,512577.83,7566,67.74753238170764
2014,ME,106959.51,1613,66.3109175449473
2014,MI,906708.53,14698,61.68924547557491
2014,MN,482680.21,6855,70.41286797957696
2014,MO,244690.0,5034,48.60746920937624
2014,MS,197344.59,4591,42.985099106948375
2014,MT,12956.09,55,235.56527272727274
2014,NC,845145.74,14556,58.061674910689746
2014,ND,45642.75,711,64.19514767932489
2014,NE,146063.23,2727,53.561873854052074
2014,NH,116864.06,2605,44.861443378119
2014,NJ,897425.11,13106,68.47437128032962
2014,NM,155400.95,3563,43.61519786696604
2014,NV,331101.58,3204,103.34006866416979
2014,NY,1714577.89,26454,64.81355900808951
2014,OH,957141.42,17180,55.71253899883586
2014,OK,466745.81,8631,54.07783686710694
2014,OR,124531.53,1943,64.09239835306228
2014,PA,1165347.01,18056,64.54070724412938
2014,RI,163652.34,2597,63.015918367346934
2014,SC,373298.06,5682,65.6983562126012
2014,SD,60555.02,1147,52.79426329555361
2014,TN,821366.73,12667,64.84303544643562
2014,TX,2178290.02,36494,59.68899051898942
2014,UT,98900.64,1756,56.32154897494305
2014,VA,598954.43,7859,76.21254994274081
2014,VT,32405.21,548,59.13359489051095
2014,WA,627877.71,10484,59.889136779855015
2014,WI,387274.66,6327,61.20984036668247
2014,WV,154350.2,3095,49.87082390953151
2014,WY,30994.59,401,77.29324189526184
2015,AK,69207.15,337,205.36246290801185
2015,AL,313561.91,5777,54.277637181928334
2015,AR,130520.85,2497,52.27106527833401
2015,AZ,403406.41,6122,65.89454590003267
2015,CA,3501783.47,53119,65.92336960409646
2015,CO,529497.86,6489,81.59930035444599
2015,CT,247442.58,3851,64.25411062061802
2015,DC,48916.24,811,60.315955610357584
2015,DE,108188.81,2199,49.19909504320145
2015,FL,1640097.68,28739,57.068710811092934
2015,GA,700163.37,12727,55.01401508603756
2015,HI,246723.07,2010,122.7477960199005
2015,IA,372653.15,6955,53.58061107117182
2015,ID,42734.61,749,57.05555407209613
2015,IL,931514.04,17939,51.926753999665536
2015,IN,705288.5,12480,56.513501602564105
2015,KS,267110.74,4314,61.91718590635141
2015,KY,346113.88,5929,58.376434474616296
2015,LA,461063.75,7093,65.00264345129
2015,MA,382663.87,5499,69.58790143662485
2015,MD,495600.22,7420,66.79248247978437
2015,ME,116394.34,1688,68.95399289099525
2015,MI,903173.81,14288,63.21205277155656
2015,MN,443944.69,6410,69.25814196567863
2015,MO,254853.35,5095,50.02028459273798
2015,MS,190584.18,3974,47.95777050830397
2015,MT,41391.19,678,61.048952802359885
2015,NC,869004.0,14813,58.664956457166
2015,ND,46429.13,697,66.61281205164993
2015,NE,164497.81,3216,51.149816542288555
2015,NH,166879.93,3551,46.99519290340749
2015,NJ,821147.22,12490,65.74437309847877
2015,NM,151871.14,3654,41.56298303229338
2015,NV,328682.87,3137,104.7761778769525
2015,NY,1684039.88,26406,63.774895099598574
2015,OH,1027569.53,18865,54.46962788232176
2015,OK,434206.01,7784,55.781861510791366
2015,OR,111096.22,1798,61.78877641824249
2015,PA,1120430.3,17559,63.80945953642007
2015,RI,174459.87,2757,63.278879216539714
2015,SC,343551.96,5440,63.152933823529416
2015,SD,64343.49,1082,59.46718114602588
2015,TN,806993.58,12506,64.52851271389733
2015,TX,2148263.78,36345,59.1075465676159
2015,UT,91398.62,1607,56.87530802738021
2015,VA,597537.53,8117,73.6155636318837
2015,VT,33839.66,521,64.95136276391555
2015,WA,579399.39,9786,59.20696811771919
2015,WI,413538.71,6690,61.81445590433483
2015,WV,181246.13999999998,3643,49.75189129838045
2015,WY,22889.67,308,74.31711038961038
2016,AK,63707.85,292,218.1775684931507
2016,AL,305700.57,5770,52.98103466204506
2016,AR,148047.88999999998,2575,57.494326213592224
2016,AZ,423152.32,6309,67.071218893644
2016,CA,3353519.58,51075,65.658728928047
2016,CO,532605.09,6569,81.07856446947784
2016,CT,349786.49,5250,66.62599809523809
2016,DC,44231.78,815,54.2721226993865
2016,DE,100301.75,2159,46.45750347383048
2016,FL,1608987.77,28934,55.60889507154213
2016,GA,705959.71,12808,55.118653185509054
2016,HI,251869.95,2056,122.50483949416343
2016,IA,383919.56,7344,52.27662854030501
2016,ID,49033.64,852,57.55122065727699
2016,IL,920015.96,16303,56.43231061767773
2016,IN,699901.53,12668,55.24956820334702
2016,KS,270946.88,4618,58.6719099177133
2016,KY,388873.61,6044,64.34043845135672
2016,LA,472507.86,7227,65.38091324200913
2016,MA,407985.6,5622,72.56947705442903
2016,MD,581816.65,7898,73.66632691820715
2016,ME,140260.65,2233,62.81265114196148
2016,MI,899925.95,14341,62.75196639007042
2016,MN,426151.78,6028,70.69538487060386
2016,MO,274608.34,5425,50.61904884792627
2016,MS,185862.54,3874,47.976907589055244
2016,MT,91395.86,1852,49.34981641468683
2016,NC,864916.76,15012,57.61502531308287
2016,ND,45456.28,704,64.56857954545454
2016,NE,134346.18,2612,51.43421898928024
2016,NH,187613.46,3990,47.02091729323308
2016,NJ,814482.37,12013,67.80008074585865
2016,NM,149327.84,3470,43.03395965417867
2016,NV,294572.98,2477,118.92328623334679
2016,NY,1634668.37,25664,63.694995713840406
2016,OH,1070407.48,19494,54.909586539448036
2016,OK,481723.9,8264,58.29185624394967
2016,OR,139714.7,2106,66.34126305792974
2016,PA,1180616.46,18081,65.29597146175543
2016,RI,112890.99,1637,68.96211973121564
2016,SC,337372.14,5335,63.237514526710406
2016,SD,60078.77,1142,52.608380035026265
2016,TN,799714.82,12517,63.89029479907325
2016,TX,2103535.35,34973,60.147409430131816
2016,UT,119803.9,2636,45.44912746585736
2016,VA,609345.9,8255,73.81537250151423
2016,VT,30836.38,538,57.31669144981413
2016,WA,571432.87,9510,60.08757833859096
2016,WI,423420.11,6707,63.131073505292974
2016,WV,155380.6,3105,50.04206119162641
2016,WY,20908.63,317,65.95782334384859
2017,AK,69715.66,303,230.08468646864688
2017,AL,346854.68,6564,52.84196831200487
2017,AR,127326.78,2272,56.04171654929577
2017,AZ,432079.68,6743,64.07825596915319
2017,CA,3435819.62,52736,65.15131257584952
2017,CO,550062.41,7242,75.95448909141122
2017,CT,344024.66,5183,66.37558556820373
2017,DC,53926.06,962,56.05619542619542
2017,DE,93566.01,2046,45.73118768328445
2017,FL,1609639.61,28898,55.70072703993356
2017,GA,690300.18,12844,53.74495328558082
2017,HI,284685.41,2221,128.1789329131022
2017,IA,376583.64,7807,48.236664531830414
2017,ID,44601.28,830,53.73648192771084
2017,IL,925422.38,16325,56.687435222052066
2017,IN,697600.22,12294,56.743144623393526
2017,KS,269079.71,4516,59.58363817537644
2017,KY,379468.29,6397,59.31972643426606
2017,LA,474506.52,7092,66.90729272419628
2017,MA,415580.73,5619,73.95990923651895
2017,MD,635017.6,9117,69.6520346605243
2017,ME,154500.03,2722,56.759746509919175
2017,MI,861915.54,13805,62.43502643969577
2017,MN,444554.74,6486,68.54066296638915
2017,MO,284663.25,5563,51.1708161064174
2017,MS,198836.49,4165,47.739853541416565
2017,MT,97110.54,1814,53.53392502756339
2017,NC,875693.78,14905,58.75167930224757
2017,ND,45665.32,712,64.13668539325843
2017,NE,120659.67,2405,50.17034095634096
2017,NH,240566.93,5209,46.182939143789596
2017,NJ,812119.18,11822,68.69558281170698
2017,NM,175978.21,3828,45.97131922675026
2017,NV,322119.35,2894,111.30592605390463
2017,NY,1615098.11,25702,62.83939421056728
2017,OH,1083326.83,19499,55.5580711831376
2017,OK,457769.79,7992,57.27850225225225
2017,OR,144512.18,2147,67.30888681881694
2017,PA,1195734.95,18260,65.4838417305586
2017,RI,106401.77,1439,73.94146629603893
2017,SC,336236.14,5714,58.84426671333567
2017,SD,60911.82,1063,57.3018062088429
2017,TN,801886.41,12348,64.94059037900875
2017,TX,2076829.95,34855,59.58485009324344
2017,UT,128865.1,2537,50.794284588096176
2017,VA,638709.65,8768,72.84553489963504
2017,VT,36192.47,649,55.76651771956857
2017,WA,576675.15,9734,59.243389151427984
2017,WI,377821.25,6436,58.70435829707893
2017,WV,160947.51,3203,50.24898844832969
2017,WY,23983.920000000002,299,80.21377926421405
2018,AK,63905.94,264,242.06795454545454
2018,AL,341023.86,6476,52.65964484249537
2018,AR,139090.06,2466,56.40310624493106
2018,AZ,450764.29,6969,64.68134452575693
2018,CA,3531760.39,53860,65.57297419235054
2018,CO,563433.08,7335,76.81432583503748
2018,CT,343507.82,5370,63.96793668528864
2018,DC,56013.92,910,61.55375824175824
2018,DE,145108.59,2736,53.03676535087719
2018,FL,1635999.53,29719,55.04894276388842
2018,GA,705611.88,12897,54.71131891137474
2018,HI,272141.55,2305,118.06574837310195
2018,IA,394105.88,7783,50.63675703456251
2018,ID,46346.29,758,61.142862796833775
2018,IL,929780.92,16587,56.05479713028275
2018,IN,637687.32,11086,57.52185819953093
2018,KS,260543.37,4390,59.34928701594533
2018,KY,369562.36,6138,60.20892147279244
2018,LA,454734.78,7048,64.51969069239502
2018,MA,405534.79,5641,71.8905850026591
2018,MD,586758.29,8792,66.73774909008189
2018,ME,191559.01,3703,51.73076154469349
2018,MI,898500.88,14335,62.67881967213115
2018,MN,457803.63,6493,70.50725858616973
2018,MO,260291.51,5145,50.591158406219634
2018,MS,191402.78,4017,47.64819019168534
2018,MT,94418.47,1913,49.356231050705695
2018,NC,880521.77,15123,58.224014415129275
2018,ND,46200.41,731,63.20165526675787
2018,NE,132320.11,2590,51.08884555984555
2018,NH,263393.37,5577,47.22850457235072
2018,NJ,819731.41,11999,68.31664388699059
2018,NM,164629.82,3745,43.95989853137517
2018,NV,313935.41,2781,112.88580007191656
2018,NY,1514591.63,24149,62.71860656755973
2018,OH,1118807.46,20267,55.203407509744906
2018,OK,463171.21,7912,58.54034504550051
2018,OR,103320.42,1563,66.10391554702495
2018,PA,1194019.23,18261,65.38630031214063
2018,RI,144576.68,1888,76.5766313559322
2018,SC,350246.33,5993,58.4425713332221
2018,SD,59735.83,1114,53.6228276481149
2018,TN,785862.69,12198,64.42553615346777
2018,TX,2034918.32,34240,59.43102570093458
2018,UT,134191.61,2670,50.25902996254681
2018,VA,673301.32,9224,72.99450563746747
2018,VT,38011.36,619,61.407689822294024
2018,WA,544118.64,9139,59.53809388335704
2018,WI,361247.84,5936,60.85711590296496
2018,WV,161059.86,3245,49.63323882896764
2018,WY,26294.97,356,73.86227528089888
2019,AK,74350.83,297,250.33949494949496
2019,AL,350240.93,6770,51.734258493353025
2019,AR,104827.79,2156,48.62142393320964
2019,AZ,474434.65,7527,63.03104158363226
2019,CA,3528257.33,54510,64.72679013025133
2019,CO,530046.99,7024,75.462270785877
2019,CT,364820.21,5769,63.23803258797019
2019,DC,47031.03,846,55.59223404255319
2019,DE,163868.47,3057,53.604340857049394
2019,FL,1629157.5,28898,56.3761332964219
2019,GA,756008.04,14225,53.146435149384885
2019,HI,268974.63,2280,117.97132894736842
2019,IA,394202.92,7890,49.96234727503168
2019,ID,51409.1,966,53.21853002070393
2019,IL,939500.4,16730,56.156628810520026
2019,IN,625084.64,10913,57.27890039402548
2019,KS,257020.06,4376,58.73401736745887
2019,KY,398938.35,6429,62.052939804013064
2019,LA,486043.63,7409,65.6017856660818
2019,MA,438832.16,6106,71.86900753357352
2019,MD,603804.04,9183,65.75237286289884
2019,ME,185778.31,3464,53.631151847575055
2019,MI,881328.4,13796,63.88289359234561
2019,MN,400102.99,5745,69.64368842471714
2019,MO,271182.28,5293,51.23413565085963
2019,MS,195272.08,4078,47.8842766061795
2019,MT,83092.56,1663,49.965460012026455
2019,NC,867082.29,15121,57.3429197804378
2019,ND,45189.88,736,61.399293478260866
2019,NE,143079.6,2752,51.991133720930236
2019,NH,259879.77,5649,46.00456186935741
2019,NJ,769648.24,11379,67.63759908603568
2019,NM,161983.55,3715,43.602570659488556
2019,NV,299529.36,2670,112.1832808988764
2019,NY,1543212.09,24975,61.79027387387388
2019,OH,1106783.83,20146,54.938143055693445
2019,OK,466135.67,8179,56.99176794229123
2019,OR,124318.3,1881,66.09160021265285
2019,PA,1238902.17,18603,66.59690211256249
2019,RI,172111.97,2135,80.61450585480094
2019,SC,339362.42,5740,59.122372822299646
2019,SD,64290.25,1052,61.11240494296578
2019,TN,750508.85,11560,64.92291089965397
2019,TX,2121641.95,36148,58.69320432665708
2019,UT,112152.42,2428,46.191276771004944
2019,VA,574193.25,7850,73.14563694267515
2019,VT,35274.11,617,57.17035656401945
2019,WA,555760.18,9267,59.971962879033136
2019,WI,392710.72,6632,59.21452352231604
2019,WV,152810.48,3004,50.869001331557925
2019,WY,22673.54,329,68.9165349544073
